<?xml version="1.0" encoding="UTF-8"?>
<application xmlns="http://xmlns.jcp.org/xml/ns/javaee" xmlns:xsi="http://www.w3.org/2001/XMLSchema-instance" xsi:schemaLocation="http://xmlns.jcp.org/xml/ns/javaee http://xmlns.jcp.org/xml/ns/javaee/application_7.xsd" version="7">
  <display-name>EnterpriseApp</display-name>
  <module>
    <ejb>EnterpriseApp-ejb-1.0-SNAPSHOT.jar</ejb>
  </module>
  <module>
    <web>
      <web-uri>EnterpriseApp-web-1.0-SNAPSHOT.war</web-uri>
      <context-root>/EnterpriseApp</context-root>
    </web>
  </module>
</application>